{
 "real": {
  "lengths": {
   "1": 0.017590459411844422,
   "2": 0.05832768667841171,
   "3": 0.09022902832362109,
   "4": 0.17736820707412929,
   "5": 0.2516601165469576,
   "6": 0.1990242580295433,
   "7": 0.11906762433934137,
   "8": 0.04911234584632064,
   "9": 0.020436373492343136,
   "10": 0.007724623932782219,
   "11": 0.0033879929529746578,
   "12": 0.0025206667570131453,
   "13": 0.0014094050684374576,
   "14": 0.0007047025342187288,
   "15": 0.0005420788724759452
  },
  "zipf": -0.9160999991975115,
  "h2": 2.1642808454742677,
  "top": [
   "daiin",
   "ol",
   "chedy",
   "aiin",
   "shedy",
   "chol",
   "or",
   "ar",
   "chey",
   "qokeey",
   "qokeedy",
   "dar",
   "qokain",
   "shey",
   "qokedy",
   "qokaiin",
   "al",
   "dal",
   "dy",
   "okaiin"
  ]
 },
 "gen": {
  "lengths": {
   "1": 0.01908117631115327,
   "2": 0.05960157202873018,
   "3": 0.09031034015449248,
   "4": 0.18276189185526495,
   "5": 0.24995256809865835,
   "6": 0.19956633690201925,
   "7": 0.11451416181054343,
   "8": 0.04504675430275105,
   "9": 0.0188101368749153,
   "10": 0.008212494918010571,
   "11": 0.004987125626778696,
   "12": 0.0032524732348556715,
   "13": 0.0016804445046754303,
   "14": 0.0009486380268329042,
   "15": 0.00048787098522835073
  },
  "zipf": -0.9065457287133648,
  "h2": 2.1583262883979017,
  "prec": 94.21872882504404,
  "recall": 89.6381623526223,
  "top": [
   "daiin",
   "ol",
   "chedy",
   "aiin",
   "shedy",
   "chol",
   "or",
   "chey",
   "ar",
   "qokeey",
   "dar",
   "qokeedy",
   "qokain",
   "qokedy",
   "shey",
   "qokaiin",
   "al",
   "dal",
   "chor",
   "okaiin"
  ]
 }
}