{
 "sizes": {
  "Voynich": 36895,
  "Latin": 44644,
  "Italian": 216376,
  "German": 229970,
  "English": 123682,
  "Finnish": 68573,
  "Sanskrit": 146653,
  "Arabic": 1438
 },
 "sweep": {
  "Voynich": {
   "h2": 2.1637330715207255,
   "order_info": 0.1446673909382472,
   "mean_len": 5.173790486515788
  },
  "Latin": {
   "h2": 3.304532262215779,
   "order_info": 0.3148023073796553,
   "mean_len": 6.1715572081354715
  },
  "Italian": {
   "h2": 3.1632397938061514,
   "order_info": 0.2796633476167565,
   "mean_len": 4.970153806337117
  },
  "German": {
   "h2": 3.2793004828821584,
   "order_info": 0.36834955152694615,
   "mean_len": 5.310723137800583
  },
  "English": {
   "h2": 3.2935069031562976,
   "order_info": 0.5922762091038489,
   "mean_len": 4.520172700958911
  },
  "Finnish": {
   "h2": 3.314247614959886,
   "order_info": 0.6399545779978575,
   "mean_len": 6.615023405713619
  },
  "Sanskrit": {
   "h2": 3.3836205677576885,
   "order_info": 0.26984932416490093,
   "mean_len": 6.914962530599443
  },
  "Arabic": {
   "h2": 3.4921371089638247,
   "order_info": 0.2291090051324911,
   "mean_len": 4.901251738525731
  }
 },
 "lengths": {
  "Voynich": {
   "1": 0.017590459411844422,
   "2": 0.05832768667841171,
   "3": 0.09022902832362109,
   "4": 0.17736820707412929,
   "5": 0.2516601165469576,
   "6": 0.1990242580295433,
   "7": 0.11906762433934137,
   "8": 0.04911234584632064,
   "9": 0.020436373492343136,
   "10": 0.007724623932782219,
   "11": 0.0033879929529746578,
   "12": 0.0025206667570131453,
   "13": 0.0014094050684374576,
   "14": 0.0007047025342187288,
   "15": 0.0005420788724759452
  },
  "Latin": {
   "1": 0.0,
   "2": 0.1272511423707553,
   "3": 0.0902024908162351,
   "4": 0.09739270674670729,
   "5": 0.12187527999283218,
   "6": 0.12243526565719917,
   "7": 0.12344323985305976,
   "8": 0.09949825284472717,
   "9": 0.07951796434011289,
   "10": 0.05803691425499507,
   "11": 0.03901980109309202,
   "12": 0.022668219693575846,
   "13": 0.010729325329271571,
   "14": 0.004591882447809336,
   "15": 0.0022847415106173282
  },
  "Italian": {
   "1": 0.0,
   "2": 0.1959921617924354,
   "3": 0.17706677265500795,
   "4": 0.09875402077864458,
   "5": 0.15782249417680333,
   "6": 0.11559507523939809,
   "7": 0.08934909601804267,
   "8": 0.0632325211668577,
   "9": 0.039810330166007324,
   "10": 0.031094021518098126,
   "11": 0.016831811291455615,
   "12": 0.007893666580397087,
   "13": 0.004140939845454209,
   "14": 0.0015112581802048286,
   "15": 0.0006978592819906089
  },
  "German": {
   "1": 0.0,
   "2": 0.08848980301778493,
   "3": 0.2761621081010567,
   "4": 0.1313736574335783,
   "5": 0.13278688524590163,
   "6": 0.10901421924598861,
   "7": 0.06585641605426795,
   "8": 0.05151106666086881,
   "9": 0.04091838065834674,
   "10": 0.03362177675348958,
   "11": 0.0263686567813193,
   "12": 0.01651954602774275,
   "13": 0.010366569552550333,
   "14": 0.006953080836630865,
   "15": 0.004065747706222551
  },
  "English": {
   "1": 0.0,
   "2": 0.19787034491680278,
   "3": 0.23991364952054461,
   "4": 0.1845135104542294,
   "5": 0.10007115020779095,
   "6": 0.07710903769343963,
   "7": 0.07217703465338529,
   "8": 0.04282757393961935,
   "9": 0.04192202584046183,
   "10": 0.01964715965136398,
   "11": 0.011513397260717,
   "12": 0.007996313125596287,
   "13": 0.003169418347051309,
   "14": 0.0009378891026988567,
   "15": 0.00026681327921605405
  },
  "Finnish": {
   "1": 0.0,
   "2": 0.04545520831814271,
   "3": 0.03527627491869978,
   "4": 0.10826418561241305,
   "5": 0.18701238096626951,
   "6": 0.2021932830705963,
   "7": 0.10323305090925,
   "8": 0.08487305499248976,
   "9": 0.057588263602292446,
   "10": 0.08383766205357794,
   "11": 0.058667405538623076,
   "12": 0.021087016755866012,
   "13": 0.004170737753926472,
   "14": 0.0023916118588949,
   "15": 0.0035145027926443352
  },
  "Sanskrit": {
   "1": 0.0,
   "2": 0.09765228123529693,
   "3": 0.06546746401369219,
   "4": 0.09137896940396718,
   "5": 0.1353876156641869,
   "6": 0.1222000231839785,
   "7": 0.11441293393248007,
   "8": 0.09234724144749852,
   "9": 0.07633665864319175,
   "10": 0.06429462745392184,
   "11": 0.04278125916278562,
   "12": 0.029982339263431364,
   "13": 0.021240615602817536,
   "14": 0.013160317211376515,
   "15": 0.008332594628135804
  },
  "Arabic": {
   "1": 0.0,
   "2": 0.1258692628650904,
   "3": 0.1627260083449235,
   "4": 0.17732962447844228,
   "5": 0.17454798331015298,
   "6": 0.15438108484005564,
   "7": 0.09318497913769123,
   "8": 0.05285118219749652,
   "9": 0.02573018080667594,
   "10": 0.025034770514603615,
   "11": 0.004867872044506259,
   "12": 0.0027816411682892906,
   "13": 0.0006954102920723226,
   "14": 0.0,
   "15": 0.0
  }
 },
 "reverse": {
  "first": {
   "o": 8302,
   "c": 6748,
   "q": 5351,
   "s": 4412,
   "d": 3519,
   "a": 1937
  },
  "last": {
   "y": 15010,
   "n": 5941,
   "l": 5784,
   "r": 5603,
   "s": 1279,
   "o": 1141
  },
  "kl": 5.142908722210589
 },
 "slot": {
  "Latin": {
   "single_fit": -3.0078083422379622,
   "single_real": 6.156508476564792,
   "slot_fit": -3.27304487867816,
   "slot_real": 2.2525957646506716
  },
  "Sanskrit": {
   "single_fit": -4.481879156757602,
   "single_real": 1.5461412731368998,
   "slot_fit": -4.795856395004165,
   "slot_real": 0.6626319742015284
  }
 },
 "predict": {
  "Voynich": {
   "order2": 1.96551922217497,
   "order0": 4.021425772379553
  },
  "Latin": {
   "order2": 2.678556794039188,
   "order0": 4.144550069512359
  },
  "Sanskrit": {
   "order2": 3.0114162319833335,
   "order0": 4.51370732223598
  },
  "Finnish": {
   "order2": 2.8480554357798256,
   "order0": 4.124586079540753
  },
  "English": {
   "order2": 2.64190734814536,
   "order0": 4.272203873844522
  }
 },
 "factored": {
  "Voynich": {
   "gen_real": 8.526999316473,
   "mass": 61.370000000000005
  },
  "Latin": {
   "gen_real": 0.7002528690916164,
   "mass": 9.25
  },
  "Sanskrit": {
   "gen_real": 0.7859468019590017,
   "mass": 10.190000000000001
  },
  "Finnish": {
   "gen_real": 1.4555870575512233,
   "mass": 12.933333333333334
  }
 }
}